{
  "courses": 543,
  "slots": 32,
  "trained": 23,
  "verdict": "STABLE",
  "normalized_sensitivity": 0.03560830860534125,
  "mean_clashes": 179.73333333333332,
  "std_clashes": 8.22570496809983,
  "mean_sensitivity_h": 1.2,
  "mean_sensitivity_d": 0.034999999999999996,
  "max_sensitivity_h": 6.4,
  "max_sensitivity_d": 0.32,
  "relative_hamming": 0.8900464789967553,
  "runtime_seconds": 80.98623871803284,
  "grid_h": [
    0,
    1,
    2,
    5,
    10
  ],
  "grid_d": [
    100,
    200,
    400
  ],
  "grid": {
    "h=0,d=100": 178,
    "h=0,d=200": 178,
    "h=0,d=400": 178,
    "h=1,d=100": 178,
    "h=1,d=200": 178,
    "h=1,d=400": 178,
    "h=2,d=100": 178,
    "h=2,d=200": 178,
    "h=2,d=400": 172,
    "h=5,d=100": 178,
    "h=5,d=200": 178,
    "h=5,d=400": 178,
    "h=10,d=100": 210,
    "h=10,d=200": 178,
    "h=10,d=400": 178
  },
  "extras": {}
}